so,4.01,4.31
the,4.32,4.46
example,4.46,5.05
ah,5.07,5.38
and,5.4,5.55
that,5.56,5.85
i've,5.94,6.11
given,6.11,6.25
him,6.25,6.5
when,6.52,6.67
i,6.67,6.77
involving,6.78,7.21
the,7.21,7.29
experiments,7.29,7.84
developing,7.84,8.26
a,8.26,8.32
mathematical,8.32,8.84
models,8.84,9.22
relatively,9.22,9.82
detailed,9.82,10.27
and,10.27,10.44
doesn't,10.44,10.66
seem,10.66,10.99
like,10.99,11.16
something,11.16,11.57
that,11.57,11.83
now,11.87,12.07
you,12.08,12.22
might,12.219999,12.429999
want,12.429999,12.679999
and,12.679999,12.809999
ah,13.09,13.21
do,13.21,13.72
ah,13.759999,14.129999
for,14.19,14.49
every,14.509999,14.729999
program,14.73,15.09
that,15.089999,15.209999
you,15.21,15.3
wtire,15.299999,15.589999
but,15.79,15.92
there,15.92,16.05
is,16.049999,16.169999
something,16.17,16.51
that,16.51,16.6
you,16.609999,16.759999
can,16.76,16.99
do,16.99,17.35
ah,17.49,17.65
that's,17.699999,17.869999
very,17.869999,18.129999
simple,18.129999,18.539999
and,18.54,18.59
that,18.6,18.76
you,18.76,18.85
should,18.85,19.08
do,19.09,19.41
for,19.62,19.93
every,19.95,20.17
program,20.17,20.64
that's,20.64,20.81
gonna,20.81,21.15
ah,21.26,21.41
consume,21.44,21.87
consider,21.87,22.29
amount,22.29,22.35
of,22.35,33.58
resources,22.61,23.23
[noise],23.23,23.47
and,23.47,23.57
thats,23.57,23.77
what,23.78,23.95
we're,23.95,24.05
gonna,24.05,24.12
talk,24.12,24.29
about,24.3,24.52
next,24.52,24.82
it's,24.83,24.9
called,24.9,25.11
the,25.11,25.19
doubling,25.19,25.56
method,25.57,25.91
for,25.91,26.15
analyzing,26.16,26.68
performance,26.679999,27.309999
[noise],27.55,28.29
so,28.29,28.61
a,28.61,28.7
key,28.7,28.9
question,28.9,29.5
that,29.58,29.93
ah,29.98,30.28
[noise],30.29,30.52
ah,30.65,30.81
definitely,30.82,31.53
ah,31.599999,31.919999
comes,32.059999,32.299999
to,32.299999,32.389999
mind,32.389999,32.729999
is,32.73,33.02
[noise],33.02,33.3
is,33.299999,33.419999
it,33.42,33.5
really,33.509999,33.779999
TRUE,33.78,34.09
that,34.09,34.24
the,34.24,34.34
running,34.34,34.57
time,34.57,34.81
on,34.809999,34.859999
my,34.859999,35.069999
programs,35.07,35.69
ah,35.77,36.04
is,36.049999,36.259999
gonna,36.26,36.56
satisfy,36.690001,37.190001
power,36.7,37.53
loss,37.53,37.85
it's,37.86,37.95
gonna,37.95,38.12
be,38.12,38.43
proportional,38.65,39.21
to,39.21,39.52
constant,39.53,39.93
times,39.93,40.17
n,40.17,40.59
two,40.6,40.76
another,40.76,40.94
constant,40.94,41.46
[noise],41.55,42.04
ah,42.16,42.51
any,42.52,42.83
answer,42.83,43.07
is,43.07,43.23
yes,43.23,43.32
uh,43.36,43.64
yes,43.65,43.75
it's,43.81,44.01
absolutely,44.01,44.63
there's,44.63,44.94
a,44.97,45.1
very,45.099999,45.339999
good,45.34,45.48
chance,45.48,45.74
to,45.74,45.82
that,45.82,46.08
now,46.09,46.27
there's,46.27,46.44
some,46.44,46.7
that,46.7,46.86
don't,46.86,47.13
but,47.13,47.45
ah,47.5,47.87
ah,47.99,48.37
there's,48.38,48.56
is,48.559999,48.619999
really,48.639999,48.889999
good,48.889999,49.019999
chance,49.02,49.34
that,49.34,49.53
yours,49.53,50.15
will,50.15,50.46
ah,50.77,51
with,51.009999,51.239999
the,51.24,51.31
caveat,51.309999,51.769999
that,51.77,51.89
there,51.889999,52.029999
might,52.029999,52.309999
be,52.309999,52.639999
a,52.67,53.08
a,53.129999,53.279999
factor,53.279999,53.819999
of,53.84,54.12
ah,54.16,54.29
log,54.299999,54.489999
n,54.49,54.82
to,54.84,55.2
ah,55.23,55.39
some,55.42,55.64
small,55.64,55.94
power,55.95,56.36
[noise],56.39,57.11
ah,57.11,57.41
so,57.43,57.88
ah,57.93,58.21
how,58.35,58.51
can,58.51,58.68
i,58.68,58.74
say,58.74,58.95
that,58.95,59.21
ah,59.23,59.4
so,59.4,59.62
confidently,59.62,60.28
well,60.61,61.07
ah,61.12,61.4
for,61.41,61.61
one,61.61,61.79
thing,61.79,61.99
is,61.99,62.25
we've,62.309999,62.579999
studied,62.58,62.99
lots,62.99,63.25
of,63.25,63.35
lots,63.349999,63.639999
of,63.639999,63.829999
specific,63.84,64.36
algorithms,64.36,64.91
than,64.91,65.21
ah,65.25,65.43
we've,65.46,65.71
observed,65.71,66.09
this,66.09,66.28
for,66.28,66.53
many,66.54,66.81
many,66.809999,67.039999
algorithms,67.04,67.529999
and,67.53,67.67
with,67.679999,67.969999
rigorous,68.059999,68.429999
mathematical,68.429999,69.05
models,69.049999,69.65
backed,69.66,69.95
up,69.95,70.07
by,70.16,70.539999
performance,70.539999,71.559999
[noise],71.559999,71.899999
studies,71.9,72.02
that's,72.02,72.23
what,72.23,72.599999
canoes,72.37,72.68
works,72.68,72.94
all,72.94,73.09
about,73.09,73.44
and,73.45,73.61
that's,73.61,73.79
what,73.79,73.89
you,73.89,73.99
can,73.99,74.11
learn,74.11,74.3
about,74.3,74.63
ah,74.7,74.9
in,74.91,75.14
algorithms,75.14,75.87
[noise],75.91,76.45
ah,76.45,76.73
and,76.74,77.08
and,77.11,77.25
the,77.26,77.37
other,77.37,77.54
thing,77.54,77.76
is,77.76,77.96
that,77.98,78.32
ah,78.37,78.72
[noise],78.73,79.02
as,79.08,79.33
i,79.33,79.42
mentioned,79.42,79.81
we,79.82,79.94
use,79.94,80.2
simple,80.2,80.53
construct,80.53,81.16
to,81.16,81.25
build,81.25,81.51
programs,81.51,82
and,82,82.13
i'll,82.13,82.22
give,82.219999,82.479999
ah,82.54,82.7
some,82.71,82.88
more,82.88,83.07
examples,83.07,83.54
of,83.54,83.66
that,83.66,83.93
[noise],83.94,84.52
ah,84.52,84.94
also,85,85.52
did,85.52,85.62
the,85.62,85.73
data,85.73,86.14
that,86.139999,86.239999
we,86.24,86.37
process,86.37,87.18
ah,87.28,87.65
often,87.679999,88.249999
is,88.279999,88.749999
pretty,88.84,89.16
simply,89.16,89.55
structured,89.549999,90.059999
and,90.059999,90.419999
ah,90.469999,90.819999
[noise],90.88,91.28
ah,91.289999,91.509999
or,91.54,91.88
at,91.91,92.07
least,92.07,92.31
has,92.31,92.52
characteristics,92.52,93.17
of,93.17,93.3
simply,93.31,93.68
structured,93.68,94.09
data,94.1,94.48
[noise],94.53,94.95
ah,94.95,95.31
in,95.37,95.66
in,95.68,95.83
fact,95.83,96.35
ah,96.39,96.7
deeper,96.71,97.07
mathematics,97.07,97.8
shows,97.8,98.25
the,98.25,98.4
connection,98.4,98.96
between,98.97,99.58
ah,99.62,99.96
the,100.23,100.36
models,100.36,100.85
and,100.849999,101.129999
really,101.139999,101.469999
big,101.48,101.7
variety,101.71,102.22
of,102.219999,102.409999
of,102.44,102.66
discreet,102.66,103.06
structures,103.059999,103.629999
are,103.679999,103.809999
also,103.82,104.21
including,104.21,104.68
programs,104.679999,105.169999
so,105.179999,105.419999
there,105.42,105.56
is,105.559999,105.579999
a,105.58,105.64
lot,105.639999,105.809999
of,105.809999,105.909999
mathematical,105.91,106.58
analysis,106.58,107.13
and,107.129999,107.299999
knowledge,107.299999,107.829999
ah,108.199999,108.379999
beyond,108.41,108.97
the,108.98,109.13
basic,109.14,109.51
hypothesis,109.51,110.27
that,110.27,110.55
you're,110.55,110.76
programs,110.78,111.27
gonna,111.29,111.5
running,111.51,111.73
time,111.73,111.91
of,111.91,112.07
programs,112.07,112.32
gonna,112.32,112.48
satisfy,112.48,113.13
a,113.18,113.32
a,113.32,113.44
power,113.44,113.75
law,113.75,114.01
[noise],114.11,114.59
so,114.59,115.01
ah,115.06,115.3
at,115.36,115.48
least,115.48,115.67
for,115.68,115.94
for,115.98,116.14
the,116.139999,116.229999
moment,116.23,116.55
ah,116.63,116.78
let's,116.78,116.99
assume,116.99,117.35
that,117.349999,117.669999
[noise],117.809999,118.209999
so,118.21,118.36
now,118.36,118.67
if,118.679999,118.799999
that's,118.8,119.08
the,119.08,119.19
case,119.19,119.67
if,119.679999,119.849999
if,119.86,119.96
i,119.96,120.05
think,120.07,120.31
the,120.32,120.46
running,120.46,120.67
time,120.67,120.94
i,120.94,121.01
program,121.009999,121.639999
is,121.679999,121.839999
proportional,121.86,122.44
to,122.44,122.68
a,122.679999,122.749999
constant,122.75,123.3
times,123.309999,123.619999
n,123.639999,123.8
to,123.8,123.919999
another,123.92,124.24
constant,124.24,124.69
and,124.690001,124.820001
[noise],124.82,125.32
ah,125.32,125.64
what,125.65,125.91
i,125.91,125.96
wanna,125.959999,126.189999
do,126.190001,126.420001
is,126.42,126.8
take,128.23,128.43
advantage,128.43,128.78
of,128.78,128.9
that,128.9,129.12
and,129.12,129.23
is,129.23,129.36
a,129.36,129.43
consequence,129.43,130.08
and,130.13,130.29
that,130.29,130.42
consequence,130.42,130.98
of,130.98,131.1
that,131.1,131.33
is,131.33,131.63
if,131.84,132.02
i,132.02,132.11
take,132.14,132.38
the,132.38,132.5
ratio,132.5,133.16
of,133.19,133.37
the,133.37,133.46
running,133.46,133.75
time,133.75,134.21
for,134.44,134.87
uh,134.9,135.16
a,135.2,135.29
value,135.29,135.89
ah,136,136.31
n,136.32,136.76
and,136.77,137.12
twice,137.28,137.55
ah,137.59,137.75
twice,137.95,138.23
that,138.23,138.45
value,138.45,138.9
[noise],138.94,139.23
then,139.23,139.61
ah,139.66,139.83
it's,139.83,140.03
gonna,140.03,140.21
be,140.21,140.58
uh,140.7,140.88
two,140.88,141.08
to,141.08,141.18
the,141.179999,141.279999
b,141.28,141.53
and,141.58,141.7
ahh,141.7,141.83
just,141.83,142.02
plug,142.059999,142.339999
in,142.34,142.72
ah,142.799999,143.109999
eight,143.139999,143.369999
times,143.379999,143.739999
two,143.74,143.95
into,143.949999,144.219999
the,144.219999,144.339999
b,144.35,144.71
over,145.03,145.43
eight,145.6,145.88
times,145.88,146.1
n,146.1,146.12
to,146.12,146.41
the,146.41,146.52
b,146.52,146.89
everything,146.9,147.27
cancels,147.27,147.7
except,147.7,148
for,148,148.24
two,148.26,148.46
to,148.46,148.65
the,148.66,148.94
b,149.14,149.58
so,149.58,150.06
at,151.09,151.3
you,151.33,151.56
take,151.6,151.79
the,151.79,151.91
ratio,151.91,152.48
of,152.48,152.59
the,152.59,152.67
running,152.67,152.95
time,152.95,153.27
as,153.3,153.5
your,153.5,153.65
doubling,153.65,154.11
n,154.12,154.5
ah,154.83,155.05
that's,155.059999,155.339999
gonna,155.34,155.74
ah,155.79,155.95
approach,155.969999,156.389999
a,156.389999,156.459999
constant,156.46,156.8
<unk>,156.799999,156.889999
ah,157.13,157.65
and,157.91,158.33
we,158.75,158.95
don't,158.95,159.09
even,159.089999,159.249999
need,159.25,159.46
the,159.46,159.54
calculate,159.54,160.11
a,160.15,160.57
to,160.789999,161.089999
find,161.109999,161.519999
out,161.52,161.86
ah,161.940001,162.130001
how,162.139999,162.359999
fast,162.36,162.86
the,162.88,163.01
running,163.01,163.27
time,163.27,163.64
is,163.81,164.01
growing,164.01,164.4
uh,165.01,165.24
and,165.24,165.43
calculating,165.43,165.98
hey,165.98,166.21
was,166.21,166.45
something,166.45,166.88
that,166.88,167.14
no,167.15,167.37
was,167.37,167.6
pretty,167.6,167.8
complicated,167.8,168.42
[laughter],168.48,168.64
ah,168.71,169.06
so,169.39,169.81
and,170.37,170.57
that,170.57,170.7
was,170.7,170.8
the,170.8,170.89
thing,170.889999,171.069999
that,171.07,171.19
depended,171.19,171.56
on,171.559999,171.679999
the,171.679999,171.729999
machine,171.73,172.24
ah,172.27,172.42
anyway,172.45,172.95
so,173.179999,173.469999
here's,173.469999,173.709999
the,173.71,173.83
method,173.83,174.37
that,174.429999,174.589999
we're,174.59,174.68
gonna,174.679999,174.829999
use,174.83,175.37
to,175.679999,175.989999
figure,175.99,176.42
out,176.42,176.77
ah,176.969999,177.299999
how,177.309999,177.549999
fast,177.549999,178.179999
ah,178.309999,178.709999
the,179.049999,179.699999
ah,179.74,179.88
running,179.91,180.15
time,180.15,180.53
of,180.57,180.76
uh,180.76,180.84
program,180.85,181.26
gonna,181.28,181.48
increase,181.48,182.1
[noise],182.1,182.43
ah,182.57,182.74
so,182.74,182.97
we,182.97,183.11
<unk>,183.11,183.23
again,183.24,183.57
we,183.57,183.65
start,183.65,183.83
with,183.83,183.97
moderate,184.01,184.31
size,184.31,184.85
ah,184.97,185.16
take,185.19,185.37
the,185.37,185.47
running,185.47,185.73
time,185.73,186.13
double,186.48,186.8
the,186.8,186.89
size,186.89,187.55
ah,187.65,187.9
repeat,187.92,188.12
repeat,188.22,188.61
while,188.61,188.73
you,188.73,188.85
can,188.849999,188.979999
afford,188.98,189.33
it,189.33,189.53
and,189.88,190.07
then,190.07,190.35
ah,190.4,190.59
just,190.59,190.75
take,190.75,190.9
the,190.9,191.02
ratio,191.02,191.55
so,191.55,191.7
the,191.7,191.83
running,191.83,192.06
times,192.059999,192.479999
in,192.48,192.6
verify,192.599999,193.089999
that,193.11,193.29
it,193.29,193.43
they,193.44,193.59
approach,193.59,193.9
a,193.9,193.98
constant,193.98,194.54
[noise],194.66,195
ah,195,195.38
and,195.42,195.62
then,195.62,195.87
by,195.88,196.36
it,196.789999,197.009999
you,197.01,197.18
can,197.18,197.43
by,197.440001,197.880001
extrapolation,197.879999,198.299999
once,198.299999,198.469999
you,198.47,198.56
know,198.57,198.76
that,198.76,198.99
constant,198.99,199.57
er,199.91,200.06
then,200.1,200.4
you,200.41,200.59
can,200.59,200.75
just,200.75,200.89
multiply,200.9,201.51
to,201.52,201.75
estimate,201.79,202.33
the,202.34,202.6
the,202.63,202.75
next,202.75,203.22
ah,203.28,203.49
running,203.5,203.81
time,203.81,204.08
so,204.19,204.58
[noise],204.61,204.93
er,204.93,205.07
like,205.08,205.3
in,205.3,205.39
our,205.39,205.49
three,205.49,205.72
sum,205.72,205.92
example,205.92,206.51
ah,206.62,206.97
again,207.26,207.57
we,207.57,207.66
run,207.66,207.81
if,207.809999,207.879999
for,207.889999,207.999999
two,208,208.22
thousand,208.219999,208.829999
ratio,209.9,210.31
of,210.309999,210.429999
our,210.429999,210.519999
running,210.52,210.76
times,210.759999,211.189999
i,211.49,211.62
is,211.62,211.77
it,211.77,211.82
eight,211.82,212.13
for,212.139999,212.309999
four,212.309999,212.559999
thousand,212.559999,213.109999
seven,213.11,213.37
point,213.37,213.65
seventy,213.65,213.88
five,213.88,214.3
uh,214.639999,214.789999
it's,214.789999,214.999999
about,215,215.32
eight,215.32,215.6
ah,215.85,216.2
and,216.389999,216.559999
that,216.56,216.71
checks,216.71,217.05
with,217.05,217.2
our,217.2,217.34
math,217.34,217.63
model,217.66,218.04
cause,218.07,218.39
two,218.42,218.65
cubes,218.65,219.02
equals,219.02,219.36
the,219.37,219.39
eight,219.39,219.68
so,219.68,219.84
b,219.84,220.08
equals,220.09,220.38
three,220.38,220.88
so,221.14,221.42
the,221.42,221.56
running,221.56,221.77
time,221.77,222.02
she'll,222.02,222.18
be,222.18,222.29
proportionate,222.29,222.82
to,222.84,222.98
a,222.98,223.06
conatant,223.06,223.41
that,223.41,223.52
times,223.53,223.78
two,223.78,223.95
cube,223.95,224.31
[noise],224.34,224.79
but,224.79,225.03
the,225.03,225.13
thing,225.13,225.34
is,225.34,225.6
we,225.63,225.88
if,225.92,226.12
we,226.12,226.4
run,226.4,226.58
our,226.58,226.74
run,226.75,226.97
it,226.969999,227.149999
for,227.16,227.62
a,227.929999,228.079999
sixteen,228.08,228.61
thousand,228.61,229.23
ah,229.549999,229.709999
in,229.71,229.85
it,229.849999,229.949999
took,229.95,230.19
got,230.2,230.42
four,230.42,230.67
minutes,230.67,231.24
ah,231.29,231.58
to,231.62,231.87
solve,231.88,232.2
it,232.199999,232.339999
for,232.35,232.56
eight,232.559999,232.759999
thousand,232.76,233.26
[noise],233.289999,233.529999
we,233.559999,233.739999
can,233.74,233.88
figure,233.879999,234.159999
out,234.16,234.41
that,234.41,234.54
the,234.54,234.64
running,234.64,234.88
time,234.88,235.12
for,235.12,235.24
sixteen,235.24,235.65
thousands,235.65,236.21
gonna,236.21,236.37
be,236.37,236.56
eight,236.56,236.78
times,236.79,237.06
that,237.06,237.25
four,237.25,237.46
minutes,237.46,237.89
ah,238,238.28
or,238.33,238.61
about,238.62,238.92
a,238.92,238.97
half,238.97,239.22
hour,239.22,239.5
[noise],239.73,240.13
so,240.13,240.6
ah,240.65,240.88
while,240.89,241.11
you're,241.11,241.26
waiting,241.26,241.54
for,241.54,241.65
it,241.65,241.7
to,241.7,241.86
run,241.86,242.09
jus,242.09,242.24
look,242.24,242.37
at,242.37,242.46
the,242.46,242.55
ratio,242.55,242.97
of,242.97,243.06
the,243.059999,243.129999
previous,243.13,243.57
running,243.57,243.81
time,243.809999,244.089999
and,244.09,244.21
just,244.21,244.33
multiply,244.349999,245.01
that,245.01,245.23
to,245.23,245.49
ah,245.57,245.67
figure,245.67,245.97
out,245.969999,246.139999
what,246.139999,246.269999
the,246.27,246.36
next,246.36,246.61
running,246.61,246.8
time,246.799999,247.099999
and,247.509999,247.649999
you,247.65,247.74
can,247.74,247.86
just,247.86,248
go,248,248.21
right,248.21,248.43
ahead,248.429999,248.729999
and,248.73,248.85
multiply,248.849999,249.559999
a,249.679999,249.809999
new,249.809999,249.939999
skates,249.94,250.28
by,250.279999,250.439999
eight,250.459999,250.679999
to,250.68,250.77
be,250.779999,250.929999
seven,250.940001,251.300001
to,251.34,251.46
get,251.459999,251.709999
your,251.99,252.2
predicted,252.21,252.64
running,252.64,252.89
time,252.89,253.32
ah,253.39,253.59
for,253.6,253.97
a,253.98,254.06
million,254.06,254.4
[noise],254.73,255.12
that's,255.12,255.31
a,255.31,255.36
very,255.36,255.67
simple,255.67,256.03
method,256.03,256.47
for,256.47,256.75
estimating,256.77,257.39
how,257.39,257.55
long,257.55,257.81
your,257.81,257.92
programs,257.92,258.37
gonna,258.38,258.58
take,258.58,258.9
ah,259,259.28
for,259.51,259.95
ah,260.01,260.32
eighty,260.809999,261.119999
ah,261.12,261.42
large,261.53,261.91
number,261.91,262.13
of,262.13,262.24
inputs,262.24,262.69
so,263.07,263.21
that,263.21,263.38
is,263.38,263.5
the,263.5,263.59
bottom,263.59,263.9
line,263.9,264.19
is,264.19,264.4
it's,264.4,264.7
often,264.74,265.12
really,265.12,265.46
easy,265.46,265.91
to,265.91,266.25
meet,266.259999,266.519999
the,266.52,266.62
[noise],266.62,266.84
challenge,266.839999,267.249999
of,267.25,267.42
predicting,267.429999,267.909999
performance,267.91,268.55
run,268.959999,269.199999
this,269.199999,269.399999
doubling,269.4,269.8
method,269.809999,270.79
ah,270.440001,270.800001
figure,271.08,271.47
out,271.47,271.6
what,271.6,271.69
the,271.69,271.8
ratio,271.8,272.27
is,272.27,272.59
uh,272.61,272.62
i,272.65,272.86
and,272.86,273.04
then,273.04,273.26
extrapolate,273.3,273.99
that,273.99,274.13
something,274.13,274.47
you,274.47,274.58
can,274.58,274.71
do,274.71,274.91
for,274.91,275.09
any,275.09,275.26
program,275.26,275.65
you,275.65,275.84
run,275.84,276.18
it's,276.19,276.34
a,276.36,276.62
lot,276.64,276.92
easier,276.92,277.41
[noise],277.42,277.76
ah,277.76,278.09
than,278.3,278.69
ah,278.76,278.92
even,278.95,279.34
while,279.34,279.51
you're,279.51,279.66
waiting,279.66,279.98
for,279.98,280.09
the,280.09,280.18
program,280.19,280.47
to,280.469999,280.549999
finish,280.55,280.97
ah,280.99,281.18
might,281.219999,281.409999
as,281.41,281.51
well,281.509999,281.659999
do,281.66,281.84
this,281.84,282.12
ah,282.15,282.44
and,282.71,282.78
then,282.78,282.85
you'll,282.849999,282.979999
have,282.98,283.1
a,283.099999,283.159999
much,283.16,283.39
better,283.4,283.66
understanding,283.66,284.26
of,284.259999,284.379999
it,284.38,284.52
now,286.48,286.91
if,288.6,288.8
we,288.8,288.98
ignore,288.98,289.33
the,289.33,289.44
constant,289.44,289.93
a,289.96,290.41
uh,290.57,290.74
what,290.74,290.92
we're,290.92,291.03
talking,291.03,291.3
about,291.3,291.48
it,291.48,291.51
is,291.51,291.58
what's,291.58,291.77
called,291.77,291.97
the,291.97,292.05
order,292.05,292.39
of,292.39,292.53
growth,292.53,292.93
ah,293,293.21
of,293.24,293.44
function,293.47,293.94
[noise],293.98,294.45
ah,294.45,294.78
and,294.8,295.36
ah,295.5,295.85
generally,295.95,296.52
we,296.52,296.63
think,296.63,296.83
of,296.83,296.88
the,296.889999,297.029999
order,297.03,297.28
of,297.28,297.41
the,297.41,297.5
growth,297.5,297.73
off,297.73,297.81
as,297.809999,297.949999
a,297.95,297.99
property,297.99,298.41
the,298.41,298.57
algorithm,298.57,299.079999
not,299.11,299.3
the,299.3,299.39
computer,299.389999,299.959999
or,299.969999,300.079999
the,300.08,300.18
system,300.179999,300.609999
at,300.63,300.79
is,300.79,301.05
that,301.299999,301.499999
constant,301.5,301.92
a,301.95,302.42
uh,302.469999,302.599999
it's,302.599999,302.739999
different,302.74,303.04
on,303.04,303.15
an,303.15,303.25
old,303.25,303.44
computer,303.44,304.01
old,304.029999,304.259999
system,304.26,304.74
new,304.75,304.93
computer,304.93,305.31
new,305.309999,305.469999
system,305.469999,305.869999
might,305.9,306.12
be,306.119999,306.249999
lower,306.25,306.66
[noise],306.67,306.93
ah,307.01,307.36
but,307.51,307.75
ah,307.89,308.09
really,308.1,308.51
<unk>,308.51,308.52
to,308.52,308.69
uh,308.69,308.78
the,308.78,308.9
method,308.9,309.21
that,309.21,309.3
we're,309.3,309.39
using,309.39,309.67
to,309.67,309.73
solve,309.73,310
the,310,310.07
problems,310.07,310.4
is,310.4,310.46
gonna,310.46,310.65
determine,310.65,311.09
that,311.09,311.29
ah,311.33,311.47
order,311.49,311.76
of,311.76,311.82
growth,311.82,312.28
ah,312.76,313
in,313.01,313.2
again,313.2,313.5
we,313.5,313.62
know,313.62,313.81
that,313.81,314.13
from,314.13,314.43
experimental,314.45,315.12
validation,315.12,315.88
i,316.01,316.29
ran,316.38,316.77
the,316.77,316.87
i,316.94,317.22
ran,317.219999,317.239999
the,317.24,317.32
program,317.32,317.59
here,317.59,317.62
in,317.62,317.77
fifty,317.77,318.04
years,318.04,318.23
ago,318.23,318.42
and,318.42,318.54
run,318.54,318.67
it,318.67,318.77
now,318.77,319.2
ah,319.49,319.8
i,319.84,319.98
<unk>,319.98,320.07
i,320.12,320.23
still,320.23,320.45
get,320.45,320.61
the,320.61,320.71
same,320.71,321.07
ah,321.07,321.24
order,321.259999,321.529999
of,321.53,321.65
growth,321.65,321.92
we,321.94,322.07
expect,322.07,322.6
if,322.66,322.82
you,322.82,322.91
have,322.91,323.06
a,323.059999,323.169999
computer,323.379999,323.909999
that's,323.91,324.09
x,324.109999,324.319999
times,324.32,324.62
faster,324.62,325.2
uh,325.53,325.77
in,325.77,325.92
you,325.92,325.99
run,325.99,326.15
the,326.15,326.25
same,326.25,326.58
program,326.58,327.11
should,327.15,327.37
finish,327.37,327.72
x,327.74,327.94
type,327.94,328.24
faster,328.24,328.81
ah,329.23,329.58
in,329.71,329.86
also,329.86,330.38
when,330.39,330.63
we,330.63,330.75
are,330.75,330.87
doing,330.93,331.3
the,331.3,331.38
mathematical,331.38,332.03
model,332.03,332.52
ah,332.639999,332.939999
the,333.22,333.37
thing,333.37,333.67
that,333.67,333.92
ah,334.08,334.44
is,334.45,334.54
hard,334.559999,334.889999
<unk>,334.92,335.09
dependent,335.23,335.92
on,335.92,336.04
a,336.04,336.08
machine,336.08,336.47
and,336.469999,336.559999
the,336.559999,336.649999
system,336.65,337.13
is,337.15,337.32
all,337.32,337.52
constance,337.54,338.12
<unk>,338.219999,338.389999
ah,338.549999,338.779999
[noise],338.83,339.08
so,339.08,339.3
they,339.299999,339.439999
all,339.44,339.6
role,339.61,339.83
up,339.83,340.08
into,340.08,340.44
one,340.440001,340.660001
big,340.66,340.86
constance,340.859999,341.419999
so,341.43,341.5
the,341.5,341.63
order,341.629999,341.879999
of,341.879999,341.989999
growth,341.99,342.41
that's,342.779999,342.989999
as,342.79,342.98
not,342.99,343.14
a,343.14,343.19
property,343.19,343.65
the,343.65,343.75
computer,343.75,344.27
or,344.29,344.45
the,344.45,344.56
system,344.56,344.98
[noise],345.11,345.49
and,345.49,345.66
that's,345.66,345.84
useful,345.85,346.4
way,346.4,346.62
to,346.62,346.71
think,346.71,346.91
about,346.91,347.17
it,347.17,348.52
the,348.55,348.66
means,348.66,349.05
we,349.05,349.18
can,349.18,349.34
classify,349.34,350.15
algorithms,350.2,350.78
or,350.78,350.83
methods,350.83,351.15
i,351.15,351.2
we,351.2,351.3
used,351.3,351.5
to,351.51,351.62
solve,351.62,351.86
problems,351.87,352.38
ah,352.69,352.83
by,352.849999,353.079999
their,353.08,353.33
order,353.349999,353.619999
of,353.62,353.73
growth,353.73,354.17
ah,354.429999,354.789999
[noise],354.88,355.38
in,355.38,355.77
ah,355.889999,356.209999
again,356.41,356.88
ah,357.12,357.51
for,357.91,358.25
many,358.27,358.56
many,358.559999,358.819999
programs,358.83,359.05
<unk>,359.049999,359.539999
we,359.58,359.78
know,359.779999,360.019999
the,360.02,360.16
order,360.16,360.44
of,360.440001,360.670001
the,360.68,360.8
running,360.8,361.04
time,361.04,361.37
as,361.379999,361.479999
into,361.48,361.79
a,361.79,361.87
power,361.87,362.19
time,362.19,362.48
log,362.52,362.89
n,362.89,363.07
to,363.09,363.34
some,363.37,363.61
other,363.61,363.81
power,363.81,364.14
the,365.65,365.76
here,365.76,365.91
we,365.91,366.01
use,366.01,366.19
log,366.19,366.55
instead,366.55,366.76
of,366.76,366.88
log,366.88,367.14
based,367.14,367.4
two,367.4,367.66
cause,367.7,368.1
uh,368.139999,368.299999
here,368.3,368.49
the,368.5,368.63
constants,368.63,369.07
as,369.07,369.17
it,369.17,369.3
<unk>,369.3,369.43
as,369.429999,369.659999
a,369.66,369.71
matter,369.71,370.11
[noise],370.48,370.82
ah,370.94,371.23
so,371.25,371.65
in,371.79,372.18
[noise],372.179999,372.509999
these,372.509999,372.819999
immediately,372.82,373.4
follow,373.4,373.8
sometimes,373.799999,374.409999
from,374.41,374.58
the,374.58,374.67
structure,374.67,375.07
of,375.07,375.11
the,375.12,375.22
program,375.219999,375.639999
for,375.66,375.83
example,375.83,376.27
if,376.27,376.39
you,376.389999,376.479999
have,376.48,376.66
program,376.66,377.18
the,377.18,377.27
simply,377.279999,377.629999
of,377.629999,377.719999
for,377.719999,378.039999
loop,378.039999,378.339999
[noise],378.34,378.69
uh,378.690001,378.890001
ah,378.7,378.89
that's,378.89,379.23
a,379.28,379.64
going,380.78,381.06
through,381.06,381.28
something,381.28,381.83
n,381.84,382.11
times,382.12,382.65
[noise],382.65,382.96
then,382.96,383.32
ah,383.38,383.53
that's,383.53,383.84
running,383.94,384.35
the,384.39,384.5
order,384.5,384.74
growth,384.74,385
to,385.01,385.12
the,385.12,385.22
running,385.22,385.44
time,385.44,385.77
of,385.77,385.84
that,385.85,386.05
program,386.05,386.47
and,386.47,386.63
ah,386.69,386.82
it's,386.82,386.98
gonna,386.98,387.16
be,387.16,387.54
ah,387.62,387.95
proportional,387.98,388.49
to,388.49,388.62
uh,388.62,388.63
n,388.639999,389.019999
and,389.03,389.18
we,389.179999,389.269999
called,389.27,389.44
at,389.44,389.59
linear,389.59,389.9
[noise],390.09,390.67
ah,390.67,390.83
if,390.83,390.99
you,391,391.13
up,391.13,391.39
nested,391.5,392.1
for,392.099999,392.389999
loops,392.389999,392.829999
ah,393.059999,393.419999
again,393.429999,393.779999
with,393.78,393.99
constant,394.4,394.88
stuff,394.889999,395.129999
going,395.129999,395.379999
on,395.379999,395.509999
inside,395.529999,396.089999
oh,396.43,396.57
then,396.57,396.77
that's,396.77,396.93
gonna,396.93,397.07
be,397.08,397.2
proportional,397.2,397.68
to,397.68,397.79
n,397.79,397.96
squared,397.96,398.4
we,398.42,398.71
call,398.71,398.86
that,398.86,399.09
quadratic,399.09,399.39
or,400.06,400.4
quadriple,400.49,400.96
for,400.96,401.23
loop,401.23,401.46
sits,401.46,401.66
n,401.66,401.87
cube,401.87,402.16
to,402.16,402.24
nets,402.24,402.47
what,402.48,402.6
we,402.6,402.7
saw,402.7,403.02
for,403.03,403.33
three,403.36,403.54
sum,403.54,403.86
but,403.86,404
this,404,404.15
applies,404.15,404.61
to,404.62,404.77
many,404.78,405.07
many,405.07,405.39
uh,405.429999,405.599999
other,405.599999,405.839999
programs,405.84,406.51
[noise],406.61,407.25
ah,407.25,407.57
[noise],407.58,407.85
if,407.849999,408.059999
we,408.059999,408.169999
have,408.179999,408.429999
<unk>,408.429999,408.589999
or,408.63,408.81
something,408.83,409.29
like,409.29,409.52
the,409.53,409.85
ah,409.88,410.15
it's,410.19,410.41
convert,410.44,410.88
program,410.88,411.37
the,411.37,411.45
converted,411.45,411.85
number,411.849999,412.049999
to,412.049999,412.139999
binary,412.139999,412.789999
ah,413.059999,413.369999
and,413.379999,413.829999
ah,414.02,414.42
we,414.56,414.74
see,414.74,415.08
plenty,415.14,415.36
of,415.36,415.48
algorithms,415.48,415.93
lake,415.93,416.14
this,416.14,416.44
where,416.73,416.94
we'd,416.94,417.09
solve,417.09,417.33
a,417.33,417.39
problem,417.39,417.82
by,417.82,417.99
solving,417.99,418.49
uh,418.59,418.77
doing,418.78,419.09
some,419.1,419.28
work,419.28,419.53
in,419.53,419.85
ah,419.91,420.26
solving,420.53,420.9
a,420.9,420.93
problem,420.93,421.28
half,421.28,421.5
the,421.5,421.62
size,421.62,422.08
ah,422.44,422.56
then,422.58,422.75
we,422.75,422.85
get,422.849999,423.029999
log,423.04,423.26
n,423.26,423.6
performance,423.61,424.39
ah,424.87,425.1
if,425.099999,425.299999
we,425.3,425.39
do,425.389999,425.559999
two,425.559999,425.799999
<unk>,425.8,425.81
problems,425.82,426.16
to,426.17,426.3
size,426.3,426.57
n,426.57,426.69
over,426.69,426.87
two,426.87,427.18
them,427.179999,427.319999
we,427.32,427.41
get,427.41,427.62
n,427.679999,428.109999
log,428.11,428.37
performance,428.37,429.11
ah,429.27,429.58
and,429.77,429.9
we'll,429.9,430.01
see,430.01,430.21
examples,430.209999,430.699999
of,430.699999,430.809999
these,430.809999,431.119999
ah,431.139999,431.339999
later,431.379999,431.709999
on,431.709999,431.979999
now,433.4,433.57
if,433.58,433.75
we,433.75,433.85
do,433.85,433.99
two,433.99,434.22
problems,434.22,434.66
size,434.66,435.02
n,435.02,435.17
minus,435.17,435.45
one,435.45,435.66
then,435.66,435.78
we,435.78,435.84
get,435.84,435.96
exponential,435.99,436.56
performance,436.56,437.18
ah,437.19,437.58
those,437.81,438.25
types,438.28,438.54
of,438.54,438.69
algorithms,438.69,439.04
we,439.04,439.22
can't,439.22,439.46
run,439.46,439.68
for,439.68,439.81
a,439.81,439.82
very,439.82,440.12
big,440.12,440.26
n,440.26,440.56
but,440.559999,440.799999
we,440.809999,441.42
might,441.42,441.59
as,441.59,441.68
well,441.679999,441.769999
up,441.77,441.9
in,441.9,441.99
a,441.99,442.03
month,442.03,442.25
for,442.26,442.39
the,442.389999,442.479999
sake,442.48,442.71
or,442.71,442.82
it's,442.82,442.99
categorization,443.02,443.85
[noise],444,444.49
so,444.49,444.66
we,444.66,444.78
think,444.78,445.03
of,445.03,445.26
algorithms,445.299999,445.969999
evolves,445.969999,446.279999
as,446.34,446.51
falling,446.509999,446.909999
into,446.91,447.49
ah,447.57,447.68
these,447.679999,448.079999
ah,448.119999,448.309999
general,448.32,448.72
category,448.719999,449.289999
and,449.289999,449.699999
in,449.709999,449.969999
again,449.98,450.35
many,450.35,450.6
many,450.6,450.85
algorithms,450.85,51.37
had,451.58,451.75
been,451.75,451.9
studied,451.9,452.45
uh,452.47,452.91
both,453.11,453.73
empirically,453.73,453.8
mathematically,453.88,454.66
in,454.66,454.77
we,454.77,454.89
know,454.89,455.16
that,455.16,455.57
a,455.57,455.59
indeed,455.59,456.13
uh,456.18,456.34
they,456.34,456.54
do,456.54,456.81
[noise],457.03,457.49
ah,457.49,457.85
and,457.89,458.03
it's,458.03,458.31
important,458.34,458.81
to,458.809999,458.909999
be,458.91,459.27
uh,459.3,459.73
aware,459.87,460.3
and,460.309999,460.429999
we'll,460.429999,460.629999
see,460.63,460.79
some,460.79,460.93
examples,460.929999,461.409999
later,461.41,461.61
on,461.61,461.94
that's,462.29,462.57
it's,462.58,462.76
really,462.759999,462.959999
important,462.96,463.35
to,463.349999,463.449999
be,463.45,463.77
ah,463.809999,464.039999
aware,464.07,464.59
uh,464.65,464.83
of,464.889999,465.059999
these,465.07,465.55
[noise],465.549999,465.979999
ah,465.98,466.32
so,466.359999,466.789999
ah,467.17,467.5
[noise],467.92,468.31
the,468.31,468.65
shape,468.93,469.41
of,469.41,469.51
the,469.51,469.62
<unk>,469.64,469.79
the,469.8,469.96
slope,469.96,470.24
of,470.24,470.34
the,470.34,470.43
line,470.43,470.84
is,470.84,470.98
gonna,470.98,471.2
be,471.21,471.45
the,471.45,471.69
ah,471.71,471.84
exponent,471.88,472.34
of,472.42,472.55
n,472.56,472.93
uh,473.34,473.54
and,473.54,473.73
you,473.73,473.83
see,473.83,474.02
the,474.02,474.14
log,474.14,474.44
factor,474.44,474.99
ah,475.02,475.18
doesn't,475.21,475.48
make,475.48,475.88
ah,475.93,476.05
that,476.059999,476.279999
much,476.28,476.5
difference,476.5,476.95
ah,477.03,477.33
they're,477.34,477.54
very,477.54,477.82
close,477.82,478.09
with,478.09,478.16
what,478.16,478.23
makes,478.23,478.46
a,478.46,478.52
difference,478.52,478.96
is,478.98,479.2
the,479.23,479.48
ah,479.5,479.67
exponent,479.73,480.17
it,480.17,480.33
ah,480.37,480.59
of,480.62,480.8
n,480.82,481.12
this,481.44,481.62
was,481.62,481.74
in,481.74,481.89
the,481.889999,482.129999
i'll,482.17,482.33
log,482.36,482.65
log,482.65,482.89
plot,482.9,483.35
[noise],483.46,483.88
ah,483.88,484.18
and,484.209999,484.399999
then,484.4,484.55
this,484.549999,484.789999
<unk>,484.799999,484.929999
factor,484.949999,485.499999
for,485.52,485.66
the,485.66,485.75
doubling,485.75,486.09
method,486.1,486.58
er,486.67,486.88
is,486.91,487.07
just,487.07,487.26
two,487.29,487.47
to,487.47,487.58
the,487.58,487.71
slope,487.71,488.06
[noise],488.11,488.55
or,489.68,489.83
two,489.83,490
to,490,490.1
the,490.1,490.25
exponent,490.28,490.88
ah,490.95,491.32
in,491.59,491.76
so,491.76,492.05
with,492.06,492.19
that,492.2,492.4
says,492.4,492.62
if,492.62,492.77
the,492.79,492.97
input,492.97,493.6
size,493.82,494.2
doubles,494.24,494.69
that's,494.69,494.96
the,494.96,495.24
amount,495.24,495.45
the,495.45,495.69
that's,495.78,496
a,496,496.07
factor,496.07,496.41
that,496.41,496.5
you,496.5,496.63
multiply,496.63,497.02
by,497.02,497.28
to,497.309999,497.489999
get,497.49,497.66
the,497.66,497.79
increase,497.79,498.13
in,498.13,498.27
running,498.27,498.49
time,498.49,498.74
[noise],498.849999,499.399999
so,499.4,499.6
it's,499.599999,499.709999
very,499.71,499.93
important,499.929999,500.399999
to,500.41,500.57
know,500.589999,500.819999
these,500.82,501.18
general,501.19,501.65
parameters,501.66,502.28
cause,502.309999,502.619999
you'll,502.629999,502.849999
see,502.85,503.07
them,503.07,503.23
for,503.23,503.42
many,503.42,503.54
of,503.539999,503.62
the,503.62,503.709999
programs,503.709999,504.139999
that,504.139999,504.269999
you're,504.27,504.38
right,504.38,504.72
[noise],504.74,505.12
now,505.12,505.25
if,505.26,505.37
you,505.37,505.49
run,505.49,505.66
your,505.66,505.81
program,505.81,506.38
and,506.38,506.47
take,506.47,506.63
the,506.63,506.72
ratio,506.72,507.09
of,507.09,507.18
running,507.18,507.45
times,507.45,507.86
in,507.86,508
it,508,508.11
seems,508.11,508.39
like,508.39,508.54
it's,508.54,508.67
going,508.68,508.92
to,508.92,509.04
for,509.04,509.36
than,509.36,509.5
then,509.5,509.6
can,509.6,509.73
say,509.73,509.9
okay,509.9,510.15
it's,510.15,510.29
quadratic,510.29,510.8
like,510.8,510.92
ah,510.97,511.62
this,511.62,511.76
not,511.76,511.9
many,511.9,512.13
other,512.13,512.31
cases,512.309999,512.829999
ah,512.86,513.08
then,513.12,513.77
so,513.809999,514.079999
it's,514.08,514.19
good,514.219999,514.399999
to,514.4,514.49
know,514.49,514.79
these,514.809999,515.069999
classifications,515.07,515.96
can,516.32,516.48
look,516.48,516.61
in,516.61,516.71
more,516.71,516.86
detail,516.86,517.32
but,517.32,517.67
ah,517.7,517.89
certainly,517.91,518.39
when,518.389999,518.559999
i,518.559999,518.609999
have,518.62,518.97
ah,518.969999,519.079999
that,519.11,519.42
ah,519.79,519.95
idea,520,520.54
[noise],520.85,521.26
so,521.26,521.68
ah,521.76,522.09
[laughter],522.1,522.33
if,522.38,522.56
you,522.56,522.67
have,522.67,522.85
a,522.85,523.16
math,522.9,523.17
model,523.17,523.48
the,523.48,523.59
tells,523.6,523.81
you,523.81,523.88
the,523.88,523.98
order,523.98,524.19
growth,524.19,524.5
we,524.5,524.6
can,524.6,524.7
use,524.7,524.87
the,524.87,524.96
doubling,524.96,525.35
method,525.35,525.77
[noise],525.77,526.04
to,526.04,526.17
validate,526.17,526.7
it,526.7,526.87
now,526.88,526.96
ah,526.97,527.29
or,527.61,527.82
if,527.82,527.92
you,527.92,528.01
don't,528.01,528.24
you,528.25,528.39
just,528.39,528.59
use,528.6,528.97
the,528.97,529.08
doubling,529.08,529.43
method,529.43,529.73
to,529.73,529.78
get,529.79,529.95
a,529.95,530
good,530,530.22
estimate,530.24,530.65
of,530.69,530.81
the,530.82,530.96
order,530.96,531.22
of,531.22,531.35
growth,531.349999,531.749999
uh,532.04,532.26
in,532.49,532.63
that,532.63,532.84
kind,532.84,532.98
of,532.98,533.1
analysis,533.099999,533.759999
should,533.759999,533.839999
be,533.849999,533.979999
done,533.98,534.21
for,534.219999,534.459999
any,534.469999,534.669999
kind,534.67,534.88
of,534.88,535.07
ah,535.099999,535.269999
program,535.299999,535.869999
[noise],535.9,536.24
ah,536.24,536.44
the,536.46,536.58
strength,536.58,536.83
to,536.83,536.85
solve,536.849999,537.139999
a,537.139999,537.199999
large,537.2,537.45
large,537.5,537.77
problem,537.77,538.18
work,538.18,538.36
performance,538.379999,538.889999
as,538.889999,539.029999
an,539.029999,539.149999
issue,539.15,539.46
[noise],539.9,540.03
ah,540.039999,540.289999
[noise],540.38,540.91
[noise],541.71,541.85
oh,541.86,541.94
these,541.94,542.1
are,542.1,542.14
really,542.15,542.37
important,542.37,542.69
implication,542.69,543.31
to,543.31,543.38
this,543.38,543.85
ah,543.92,544.24
because,544.57,545.18
ah,545.33,545.63
we,545.69,545.85
have,545.85,546
this,546,546.18
idea,546.18,546.73
called,546.89,547.13
moore's,547.13,547.49
law,547.49,547.87
[noise],547.92,548.29
ah,548.29,548.5
thats,548.53,548.67
held,548.69,549.04
for,549.04,549.28
many,549.28,549.56
decades,549.559999,550.039999
now,550.04,550.42
whereas,550.63,551.16
uh,551.21,551.53
it,551.54,551.59
says,551.59,551.9
that,551.9,552.14
computer,552.759999,553.079999
power,553.08,553.52
that,553.559999,553.689999
we,553.69,553.8
have,553.799999,554.059999
increases,554.059999,554.619999
by,554.62,555.02
is,555.03,555.17
roughly,555.179999,555.599999
a,555.599999,555.649999
factor,555.65,556.03
if,556.029999,556.159999
two,556.16,556.56
ah,556.629999,556.779999
every,556.809999,557.089999
two,557.09,557.28
years,557.279999,557.789999
[noise],557.9,558.55
uh,558.55,558.75
it's,558.75,558.86
the,558.86,558.94
thing,558.94,559.16
is,559.16,559.43
when,559.43,559.63
the,559.63,559.72
computer,559.72,560.16
power,560.17,560.57
increases,560.57,561.09
say,561.09,561.26
the,561.26,561.38
speed,561.38,561.69
of,561.69,561.78
a,561.78,561.84
computer,561.84,562.27
also,562.27,562.56
the,562.56,562.74
size,562.74,563.07
of,563.07,563.14
the,563.15,563.25
memory,563.25,563.64
increases,563.65,564.35
er,564.75,565.02
in,565.03,565.21
that,565.21,565.39
means,565.39,565.63
the,565.63,565.73
size,565.73,566.04
of,566.04,566.15
the,566.15,566.21
problem,566.21,566.7
that,566.7,566.87
you,566.87,567.07
wanna,567.08,567.38
attract,567.42,567.89
ah,567.94,568.14
attack,568.19,568.66
also,568.67,569.14
doubles,569.139999,569.659999
and,569.73,569.84
so,569.84,570.19
ah,570.52,570.85
the,570.86,571.16
question,571.36,571.8
is,571.799999,571.969999
when,571.969999,572.149999
that,572.15,572.27
happens,572.27,572.92
ah,572.98,573.43
what's,573.46,573.77
the,573.79,574.09
effect,574.119999,574.559999
on,574.559999,574.909999
on,575.029999,575.379999
uh,575.459999,575.599999
what,575.6,575.78
you're,575.779999,575.839999
gonna,575.84,576.02
spend,576.029999,576.439999
to,576.45,576.56
get,576.56,576.7
your,576.7,576.78
problem,576.779999,577.119999
problem,576.78,577.11
solved,577.11,577.49
in,577.88,577.98
this,577.98,578.12
is,578.12,578.25
a,578.25,578.31
very,578.31,578.75
common,578.78,579.18
situation,579.18,579.97
i,580.28,580.46
get,580.46,580.63
a,580.63,580.67
bigger,580.67,580.94
computer,580.94,581.45
you,581.45,581.56
fill,581.56,581.74
it,581.74,581.77
with,581.8,581.95
a,581.95,581.99
bigger,581.99,582.23
problem,582.23,582.68
say,582.69,582.94
whether,582.94,583.24
prediction,583.24,583.94
or,583.96,584.31
uh,584.58,584.87
ah,584.9,585.04
bank,585.059999,585.359999
processing,585.37,585.87
transactions,585.87,586.6
or,586.599999,586.679999
cryptography,586.679999,587.55
ah,587.62,587.94
certainly,588.179999,588.699999
you,588.7,588.79
get,588.79,588.9
a,588.9,588.95
faster,588.95,589.32
get,589.32,589.39
computer,589.389999,589.739999
with,589.74,589.9
more,589.9,590.1
memory,590.099999,590.599999
now,590.839999,590.959999
you're,590.96,591.11
gonna,591.11,591.27
win,591.27,591.4
a,591.4,591.47
load,591.469999,591.719999
up,591.719999,591.809999
the,591.809999,591.909999
memory,591.91,592.34
and,592.34,592.46
solve,592.459999,592.829999
ah,592.859999,592.999999
the,593.02,593.13
bigger,593.129999,593.399999
problem,593.4,593.88
but,594.35,594.47
if,594.47,594.56
you,594.56,594.67
just,594.67,594.93
do,594.93,595.18
this,595.209999,595.479999
ah,595.51,595.7
simple,595.71,596.08
math,596.08,596.65
ah,596.7,597.07
you'll,597.37,597.61
see,597.61,598.05
uh,598.18,598.35
what,598.36,598.6
goes,598.6,598.85
on,598.85,599.22
ah,599.63,599.89
so,599.91,600.32
if,600.37,600.57
my,600.57,600.69
running,600.69,600.95
time,600.95,601.42
ah,601.54,601.74
say,601.76,602.06
is,602.059999,602.289999
ah,602.309999,602.649999
<unk>,602.66,602.67
is,602.67,603
n,603.02,603.23
cube,603.23,603.6
ah,603.74,604.03
a,604.28,604.47
n,604.469999,604.629999
cubes,604.63,605.02
<unk>,605.02,605.11
to,605.16,605.38
the,605.389999,605.889999
[noise],605.929999,606.429999
a,606.429999,606.779999
say,606.82,607.17
for,607.179999,607.429999
the,607.49,607.6
three,607.599999,607.799999
sum,607.799999,608.009999
problem,608.009999,608.479999
ah,608.75,609.11
then,609.4,609.59
in,609.589999,609.659999
two,609.67,609.8
years,609.799999,610.249999
i,610.25,610.33
get,610.33,610.46
a,610.459999,610.499999
computer,610.5,610.93
that's,610.93,611.12
twice,611.119999,611.399999
as,611.4,611.56
fast,611.559999,611.909999
so,611.91,612.08
that,612.08,612.23
means,612.23,612.44
the,612.440001,612.540001
running,612.54,612.74
time,612.74,612.93
time,612.74,613.02
is,612.93,613.01
a,613.01,613.2
over,613.2,613.4
two,613.4,613.8
[noise],613.86,614.42
ah,614.42,614.82
<unk>,614.83,614.92
times,614.97,615.46
[noise],615.46,615.74
ah,615.74,616.12
<unk>,616.15,616.27
then,616.28,616.74
now,616.75,616.98
but,616.98,617.15
my,617.15,617.26
problem,617.26,617.6
is,617.6,617.73
twice,617.73,617.98
as,617.98,618.12
big,618.12,618.39
so,618.39,618.52
it's,618.52,618.67
two,618.67,618.86
n,618.86,619.03
cube,619.03,619.39
so,619.71,620.04
at,620.11,620.33
the,620.33,620.42
solve,620.42,620.67
that,620.679999,621.079999
it's,621.09,621.5
ah,621.53,621.87
gonna,622.3,622.62
take,622.62,622.94
four,622.95,623.34
times,623.34,623.67
as,623.67,623.8
long,623.8,624.17
to,624.2,624.35
solve,624.349999,624.659999
my,624.66,624.81
problem,624.809999,625.329999
in,625.48,625.85
two,625.87,626.21
years,626.21,626.5
it's,626.5,626.65
a,626.65,626.69
bigger,626.69,626.94
problem,626.94,627.33
but,627.33,627.44
it's,627.44,627.56
gonna,627.559999,627.749999
take,627.75,627.99
four,628,628.24
times,628.24,628.61
ah,628.66,628.87
as,628.91,629.08
long,629.08,629.42
ah,629.65,629.95
[noise],630.02,630.32
so,630.32,630.48
if,630.48,630.58
you,630.58,630.67
just,630.67,630.88
look,630.89,631.1
at,631.1,631.21
this,631.21,631.41
for,631.42,631.77
a,631.84,631.99
common,631.99,632.46
orders,632.5,632.97
of,632.98,633.25
growth,633.26,633.65
ah,633.71,634.17
for,634.36,634.64
ah,634.72,634.91
different,634.92,635.22
problems,635.22,635.79
[noise],635.79,636.25
ah,636.25,636.5
if,636.51,636.64
i,636.64,636.7
have,636.71,636.92
a,636.92,637.19
[noise],637.19,637.58
a,637.58,637.74
linear,637.75,638.32
or,638.33,638.47
an,638.47,638.55
n,638.55,638.7
log,638.7,638.78
n,638.78,639.08
problem,639.08,639.18
[noise],639.179999,639.279999
[noise],639.28,639.61
it's,639.84,639.93
gonna,639.929999,640.109999
cost,640.11,640.43
me,640.429999,640.529999
about,640.53,640.79
the,640.79,640.88
same,640.88,641.28
to,641.29,641.4
solve,641.4,641.66
my,641.66,641.77
bigger,641.77,642.02
algorithm,642.02,642.39
with,642.389999,642.509999
my,642.509999,642.609999
bigger,642.61,642.85
faster,642.849999,643.189999
computer,643.19,643.61
in,643.61,643.72
two,643.719999,643.859999
years,643.86,644.36
but,644.63,644.73
if,644.73,644.86
i,644.86,644.88
have,644.88,645
a,645,645.05
quadratic,645.049999,645.539999
algorithm,645.54,645.71
it's,645.719999,645.999999
gonna,646,646.16
cost,646.16,646.44
me,646.440001,646.540001
twice,646.559999,646.819999
as,646.82,646.96
much,646.959999,647.319999
if,647.369999,647.719999
i,647.719999,647.73
have,647.73,647.789999
cubic,647.789999,648.37
algorithm,648.369999,648.63
gonna,648.63,648.79
cost,648.79,649.06
me,649.06,649.19
four,649.19,649.46
times,649.46,649.78
as,649.78,649.94
much,649.94,650.3
ah,650.8,651.25
four,651.49,651.83
years,651.83,652.06
from,652.06,652.17
now,652.17,652.36
it's,652.36,652.47
gonna,652.47,652.64
cost,652.64,652.89
me,652.89,653
sixteen,653.01,653.51
times,653.51,653.79
as,653.79,653.93
much,653.93,654.25
i,654.31,654.41
if,654.41,654.61
i,654.61,654.67
have,654.68,654.92
a,654.92,654.97
cubic,654.97,655.21
algorithm,655.26,655.69
[noise],655.75,656
this,656,656.17
is,656.17,656.31
an,656.309999,656.479999
unexpected,656.5,657.16
effect,657.16,657.46
cause,657.469999,657.709999
budgets,657.76,658.42
people's,658.469999,658.819999
budget,658.82,659.15
don't,659.15,659.4
go,659.4,659.62
up,659.62,659.81
uh,659.849999,660.039999
at,660.08,660.25
this,660.25,660.42
kind,660.429999,660.609999
of,660.61,660.67
scale,660.679999,661.179999
[noise],661.2,661.58
uh,661.58,661.75
in,661.75,661.89
<unk>,661.889999,661.989999
means,662,662.46
that,662.46,662.67
the,662.67,662.99
person,663.08,663.56
who's,663.57,663.89
using,663.889999,664.469999
ah,664.5,664.92
he,664.949999,665.369999
[noise],665.43,665.77
linear,665.77,666.28
or,666.279999,666.399999
an,666.4,666.5
n,666.5,666.74
log,666.74,666.98
n,666.98,667.17
algorithm,666.99,667.449999
is,667.45,667.67
still,667.68,668.15
gonna,668.15,668.34
be,668.34,668.5
able,668.5,668.62
to,668.62,668.7
get,668.7,668.87
the,668.87,668.99
job,669,669.32
done,669.32,669.58
they're,669.58,669.77
progressing,669.77,670.42
with,670.42,670.62
moore's,670.62,670.93
law,670.93,671.22
they're,671.24,671.54
following,671.57,672.15
a,672.5,672.64
technological,672.64,673.33
process,673.33,673.98
uh,674.07,674.27
progress,674.429999,675.039999
in,675.22,675.37
getting,675.37,675.74
bigger,675.75,676.07
problem,676.07,676.53
solved,676.54,676.95
with,676.95,677.08
there,677.08,677.17
be,677.17,677.19
bigger,677.2,677.45
faster,677.45,677.82
computers,677.82,678.36
but,678.65,678.79
if,678.79,678.91
you,678.91,679.06
using,679.059999,679.439999
a,679.44,679.5
quadratic,679.5,680.19
or,680.29,680.43
cubic,680.429999,680.729999
algorithm,680.73,681.11
then,681.11,681.31
you're,681.32,681.5
not,681.5,681.79
you're,681.809999,682.079999
up,682.359999,682.549999
falling,682.549999,682.959999
behind,682.959999,683.629999
ah,683.68,684.01
by,684.219999,684.449999
a,684.45,684.51
factor,684.51,684.91
of,684.91,685.08
two,685.08,685.43
or,685.33,685.43
four,685.43,685.94
ah,686.02,686.22
every,686.27,686.56
two,686.6,686.75
years,686.75,687.24
[noise],687.36,687.83
you,687.83,688.02
absolutely,688.04,688.66
can't,688.66,688.92
afford,688.92,689.44
to,689.44,689.56
use,689.56,690.13
the,690.21,690.31
quadratic,690.31,690.87
algorithm,690.87,691.3
or,691.3,691.4
worse,691.4,691.84
to,692.04,692.19
address,692.19,692.61
an,692.62,692.79
increasing,692.79,693.21
problem,693.21,693.55
size,693.55,693.9
and,693.9,694.02
that's,694.02,694.21
a,694.21,694.42
ah,694.5,694.71
very,694.719999,695.149999
ah,695.2,695.31
important,695.37,695.9
uh,695.94,696.1
insite,696.099999,696.599999
for,696.599999,696.899999
every,697.09,697.37
one,697.37,697.68
i'd,697.73,697.89
developing,697.889999,698.319999
software,698.32,698.87
to,698.87,699.09
attack,699.089999,699.419999
large,699.45,699.7
problems,699.7,700.14
uh,700.209999,700.399999
to,700.459999,700.559999
have,700.559999,700.969999
[noise],701.5,702.44
so,702.440001,702.870001
ah,703.05,703.39
[noise],703.4,703.86
[noise],703.97,704.32
this,704.7,704.98
is,704.98,705.28
ah,705.29,705.52
just,705.54,705.77
a,705.77,705.85
summary,705.85,706.32
of,706.35,706.5
meeting,706.51,706.81
the,706.81,706.89
challenge,706.89,707.28
here's,707.28,707.58
a,707.58,707.8
bob,707.91,708.26
but,708.27,708.3
again,708.3,708.7
ah,708.77,709.05
who,709.06,709.29
went,709.29,709.47
to,709.47,709.54
the,709.54,709.65
hackathon,709.65,710.26
ah,710.65,710.92
and,710.95,710.98
he,710.98,711.07
says,711.07,711.24
well,711.24,711.65
my,711.719999,711.889999
program's,711.889999,712.369999
not,712.37,712.56
finished,712.559999,712.819999
yet,712.82,712.94
i,712.94,712.98
think,713.01,713.17
i,713.17,713.18
gotta,713.179999,713.289999
go,713.29,713.39
get,713.389999,713.539999
a,713.54,713.59
pizza,713.59,714.02
ah,714.57,714.85
an,714.86,715.03
adams,715.03,715.36
alice,715.599999,715.949999
says,715.96,716.22
well,716.219999,716.519999
mine,716.52,716.81
taking,716.809999,717.039999
too,717.04,717.17
longer,717.17,717.45
run,717.45,717.66
but,717.66,717.78
i,717.78,717.83
think,717.839999,717.989999
i'll,717.99,718.09
run,718.09,718.22
into,718.219999,718.279999
doubling,718.279999,718.599999
experiment,718.6,719.28
ah,719.449999,719.859999
[noise],719.9,720.28
and,720.279999,720.599999
bob,720.609999,720.88
<unk>,720.879999,721.029999
can,720.88,721.03
back,721.04,721.3
from,721.3,721.48
his,721.49,721.55
pizza,721.55,722.01
and,722.05,722.32
still,722.32,722.6
running,722.6,723.04
ah,723.19,723.45
an,723.46,723.62
alice,723.62,723.9
said,723.91,724.13
well,724.13,724.53
[noise],724.55,724.92
ah,724.92,725.11
it,725.11,725.28
showed,725.28,725.67
that,725.67,725.79
i,725.79,725.85
had,725.85,726.01
a,726.01,726.06
higher,726.06,726.41
growth,726.41,726.71
than,726.71,726.8
expected,726.81,727.45
so,727.45,727.62
i,727.62,727.71
fixed,727.71,728.03
it,728.03,728.2
and,728.32,728.69
found,728.74,728.92
ah,728.92,728.96
it,728.96,729.02
and,729.02,729.11
fix,729.11,729.3
the,729.3,729.39
bug,729.389999,729.639999
and,729.639999,729.759999
now,729.76,730.09
i'll,730.13,730.45
go,730.45,730.6
get,730.599999,730.769999
pizza,730.77,731.13
ah,731.41,731.73
[noise],731.82,732.3
so,732.3,732.77
ah,732.91,733.14
again,733.16,733.71
how,733.86,734.01
if,734.009999,734.129999
you,734.13,734.23
have,734.23,734.43
an,734.429999,734.529999
understanding,734.54,735.3
of,735.33,735.62
what,735.63,735.86
your,735.86,735.96
program,735.96,736.56
ah,736.639999,736.809999
is,736.809999,737.009999
doing,737.01,737.37
and,737.369999,737.499999
you,737.5,737.59
can,737.59,737.76
easily,737.77,738.23
get,738.23,738.46
that,738.46,738.69
with,738.690001,738.910001
uh,739.369999,739.559999
er,739.38,739.52
good,739.55,739.76
insight,739.76,740.09
with,740.09,740.2
doubling,740.21,740.54
experiments,740.54,741.31
[noise],741.31,741.81
ah,741.81,742.26
<unk>,742.32,742.57
ah,742.68,742.81
it's,742.81,742.98
something,742.98,743.34
that,743.34,743.73
you,743.74,743.85
really,743.85,744.08
shouldn't,744.08,744.31
do,744.32,744.65
ah,744.88,745.19
[noise],745.26,745.51
the,745.51,745.64
best,745.64,745.93
practice,745.94,746.48
is,746.5,746.76
to,746.77,746.99
have,747.02,747.39
some,747.4,747.63
kind,747.63,747.82
of,747.82,747.91
a,747.91,747.99
realistic,747.99,748.5
experiments,748.5,748.95
for,748.96,749.11
debugging,749.11,749.63
anyway,749.63,750.12
so,750.33,750.5
you,750.5,750.59
might,750.59,750.79
as,750.79,750.9
well,750.9,751.02
get,751.02,751.19
some,751.19,751.41
idea,751.41,751.88
about,751.95,752.26
performance,752.259999,752.789999
that's,752.79,753.01
way,753.02,753.35
better,753.349999,753.589999
than,753.599999,753.749999
having,753.75,754.08
no,754.08,754.28
idea,754.279999,754.749999
and,755.049999,755.479999
absolutely,755.529999,756.209999
performance,756.24,756.76
matters,756.76,757.15
in,757.16,757.42
ah,757.47,757.63
really,757.64,758.09
ah,758.14,758.46
quite,758.65,758.86
a,758.86,758.92
few,758.92,759.2
situations,759.22,760.05
[noise],760.22,760.78
now,760.78,760.96
there,760.96,761.12
are,761.12,761.24
plenty,761.24,761.57
of,761.57,761.71
caveats,761.71,762.23
the,762.23,762.3
story,762.3,762.72
not,762.73,762.92
always,762.92,763.22
a,763.22,763.31
simple,763.31,763.79
uh,763.79,763.95
as,763.98,764.23
i've,764.23,764.53
as,764.61,764.81
i've,764.809999,764.969999
laid,764.97,765.2
out,765.2,765.51
and,765.61,765.76
sometimes,765.77,766.46
ah,766.469999,766.859999
we,767.16,767.51
ah,767.559999,767.719999
you,767.84,767.95
can't,768.27,768.54
really,768.55,768.83
meet,768.83,769.04
the,769.04,769.13
challenge,769.13,769.61
ah,769.61,769.75
of,769.77,769.97
predicting,770,770.43
performance,770.429999,771.099999
ah,771.16,771.55
wild,771.849999,772.169999
like,772.17,772.36
as,772.359999,772.539999
i,772.539999,772.619999
mentioned,772.619999,772.919999
before,772.92,773.25
maybe,773.25,773.52
there's,773.52,773.69
other,773.719999,773.969999
apps,773.98,774.26
nut,774.26,774.46
running,774.46,774.73
on,774.73,774.83
the,774.83,774.92
computer,774.92,775.48
[noise],775.52,775.89
ah,775.89,776.08
and,776.08,776.23
what,776.23,776.3
about,776.3,776.49
the,776.49,776.58
log,776.58,776.87
factor,776.87,777.35
well,777.4,777.64
actually,777.64,777.99
the,777.99,778.11
log,778.11,778.34
factor,778.34,778.81
now,778.85,778.99
doesn't,779.01,779.25
matter,779.25,779.65
uh,779.73,779.88
in,779.88,780.09
the,780.09,780.2
long,780.2,780.47
run,780.47,780.73
i,781.02,781.27
still,781.28,781.51
get,781.51,781.66
the,781.66,781.88
uh,781.99,782.14
doubling,782.139999,782.509999
ratio,782.51,782.94
associated,782.94,783.49
with,783.49,783.62
the,783.62,783.7
explanation,783.7,784.12
of,784.2,784.38
in,784.38,784.69
[noise],784.75,785.2
ah,785.2,785.57
and,785.7,786.05
what,786.05,786.16
about,786.16,786.37
my,786.38,786.53
computer's,786.53,786.98
gotta,787.009999,787.209999
cache,787.21,787.68
it,787.679999,787.699999
has,787.7,787.79
gotten,787.79,787.91
a,787.91,787.92
multiple,787.92,788.34
process,788.34,789.16
or,789.219999,789.389999
your,789.389999,789.599999
models,789.599999,789.959999
too,789.96,790.14
simple,790.16,790.63
ah,790.719999,791.079999
well,791.359999,791.629999
we'll,791.629999,791.719999
make,791.719999,791.889999
the,791.889999,791.959999
model,791.959999,792.219999
more,792.219999,792.409999
complicated,792.41,793.06
i,793.5,793.6
worry,793.6,793.76
about,793.76,794.04
ah,794.13,794.5
if,794.67,794.88
i,794.88,794.95
have,794.96,795.16
n,795.16,795.31
log,795.31,795.5
n,795.5,795.66
plus,795.66,795.88
a,795.9,795.99
hundred,795.99,796.31
n,796.31,796.53
the,796.53,796.6
needs,796.6,796.88
to,796.88,796.9
be,796.93,797.07
more,797.07,797.28
terms,797.28,797.64
maybe,797.64,797.93
yeah,797.93,798.2
we'll,798.2,798.42
we,798.42,798.54
can,798.54,798.71
refine,798.71,799.09
the,799.09,799.16
modeling,799.16,799.55
that,799.55,799.72
way,799.72,800.01
[noise],800.03,800.49
or,800.49,800.61
what,800.61,800.72
happens,800.72,800.98
if,800.98,801.1
the,801.099999,801.189999
leading,801.19,801.47
term,801.469999,801.749999
oscillates,801.76,802.47
ah,802.599999,802.839999
you,802.84,803.07
said,803.07,803.26
it,803.259999,803.329999
was,803.33,803.46
a,803.46,803.53
constant,803.53,803.9
and,803.9,804.01
actually,804.29,804.94
ah,804.98,805.16
there's,805.21,805.42
cases,805.44,805.98
ah,806.13,806.32
that,806.349999,806.549999
we,806.549999,806.689999
know,806.69,806.9
where,806.9,807.23
ah,807.299999,807.449999
the,807.49,807.6
term,807.599999,807.979999
ah,808.01,808.2
oscillates,808.24,808.8
and,808.799999,809.069999
ah,809.4,809.64
a,809.699999,810.019999
ah,810.059999,810.319999
ah,810.38,810.63
alber,810.389999,810.699999
or,810.63,810.7
the,810.7,810.77
meal,810.77,811
mail,810.77,811
a,811,811.06
switch,811.06,811.27
say,811.27,811.46
you,811.46,811.55
should,811.55,811.67
be,811.68,811.81
lucky,811.81,812.1
to,812.1,812.31
get,812.32,812.51
that,812.51,812.67
one,812.67,812.83
cause,812.83,812.91
that's,812.92,813.17
really,813.18,813.44
interesting,813.48,813.99
kind,813.99,814.17
of,814.17,814.28
programmed,814.28,814.67
to,814.68,814.8
study,814.8,815.23
[noise],815.28,815.79
or,815.79,815.97
or,816,816.08
maybe,816.08,816.35
your,816.35,816.46
input,816.46,816.77
model,816.77,817.09
is,817.09,817.26
too,817.26,817.42
simple,817.44,817.89
on,818.05,818.2
my,818.2,818.38
real,818.38,818.69
input,818.69,818.98
data,818.98,819.19
is,819.19,819.37
ah,819.37,819.53
totally,819.57,820.01
a,820.09,820.21
different,820.21,820.58
well,820.87,821.17
you,821.17,821.33
should,821.33,821.52
get,821.52,821.8
ah,821.86,822.12
an,822.13,822.28
understanding,822.28,822.77
of,822.77,822.86
what,822.86,822.99
your,822.99,823.13
input,823.13,823.46
is,823.469999,823.759999
ah,823.809999,823.979999
than,824.02,824.34
[noise],824.37,824.71
uh,824.71,824.93
but,824.929999,825.059999
still,825.059999,825.609999
[laughter],825.63,825.79
ah,825.809999,826.179999
it's,826.190001,826.480001
TRUE,826.49,826.84
that,826.84,827.01
the,827.01,827.329999
doubling,827.35,827.79
method,827.799999,828.179999
that,828.18,828.3
we've,828.299999,828.499999
outlined,828.5,828.93
is,828.93,829.11
is,829.119999,829.339999
it's,829.12,829.34
very,829.34,829.61
simple,829.61,830.08
[noise],830.09,830.36
and,830.36,830.5
it's,830.5,830.72
robust,830.73,831.3
in,831.3,831.39
the,831.39,831.48
face,831.48,831.79
of,831.79,831.96
many,831.96,832.25
many,832.25,832.56
uh,832.6,832.73
of,832.77,832.95
these,832.95,833.12
challenges,833.12,833.62
so,833.63,833.93
these,833.95,834.26
are,834.26,834.5
not,834.52,834.84
reasons,834.84,835.32
to,835.32,835.67
ah,835.7,835.85
avoid,835.88,836.41
[noise],836.52,836.92
ah,836.92,837.21
if,837.22,837.41
you,837.41,837.44
can,837.44,837.55
go,837.559999,837.799999
ahead,837.8,837.96
and,837.96,837.99
an,837.99,838.11
use,838.11,838.41
it,838.41,838.6
and,838.61,838.78
maybe,838.79,839.06
use,839.059999,839.239999
it,839.24,839.37
to,839.37,839.62
a,839.67,839.83
uncover,839.83,840.34
ah,840.429999,840.619999
one,840.639999,840.829999
of,840.83,840.93
these,840.929999,841.139999
caveats,841.139999,841.75
ah,842.07,842.34
in,842.349999,842.659999
a,842.67,842.76
lot,842.759999,842.919999
of,842.92,843.03
times,843.03,843.44
uh,843.469999,843.629999
it'll,843.63,844.03
ah,844.18,844.4
it'd,844.41,844.46
be,844.469999,844.629999
strong,844.629999,844.949999
enough,844.949999,845.179999
to,845.18,845.43
ah,845.5,845.64
go,845.68,845.85
right,845.85,846.05
through,846.14,846.48
